{
  "page_width": 210,
  "page_height": 297,
  "top_margin": 25.4,
  "bottom_margin": 25.4,
  "left_margin": 25.4,
  "right_margin": 25.4,
  "segments": [
    {
      "ascender": 4.910666666666667,
      "descender": -1.2191999999999998,
      "line_gap": 0,
      "paragraph_spacing": 0,
      "characters": [
        {
          "is_line_feed": false,
          "advance_width": 2.3495,
          "left_side_bearing": 0.3725333333333333,
          "strokes": [
            [
              [
                0.3725333333333333,
                0
              ],
              [
                2.074333333333333,
                0
              ],
              [
                2.074333333333333,
                0.3217333333333333
              ],
              [
                1.4520333333333333,
                0.3217333333333333
              ],
              [
                1.4520333333333333,
                3.103033333333333
              ],
              [
                1.1557000000000002,
                3.103033333333333
              ],
              [
                0.9863666666666666,
                3.0056666666666665
              ],
              [
                0.7874000000000001,
                2.9337
              ],
              [
                0.5122333333333332,
                2.8829000000000002
              ],
              [
                0.5122333333333332,
                2.637366666666667
              ],
              [
                1.0668,
                2.637366666666667
              ],
              [
                1.0668,
                0.3217333333333333
              ],
              [
                0.3725333333333333,
                0.3217333333333333
              ]
            ]
          ]
        },
        {
          "is_line_feed": false,
          "advance_width": 2.3495,
          "left_side_bearing": 0.3725333333333333,
          "strokes": [
            [
              [
                0.3725333333333333,
                0
              ],
              [
                2.074333333333333,
                0
              ],
              [
                2.074333333333333,
                0.3217333333333333
              ],
              [
                1.4520333333333333,
                0.3217333333333333
              ],
              [
                1.4520333333333333,
                3.103033333333333
              ],
              [
                1.1557000000000002,
                3.103033333333333
              ],
              [
                0.9863666666666666,
                3.0056666666666665
              ],
              [
                0.7874000000000001,
                2.9337
              ],
              [
                0.5122333333333332,
                2.8829000000000002
              ],
              [
                0.5122333333333332,
                2.637366666666667
              ],
              [
                1.0668,
                2.637366666666667
              ],
              [
                1.0668,
                0.3217333333333333
              ],
              [
                0.3725333333333333,
                0.3217333333333333
              ]
            ]
          ]
        },
        {
          "is_line_feed": false,
          "advance_width": 2.3495,
          "left_side_bearing": 0.08466666666666665,
          "strokes": [
            [
              [
                1.4393333333333331,
                0
              ],
              [
                1.8034,
                0
              ],
              [
                1.8034,
                0.8551333333333333
              ],
              [
                2.2182666666666666,
                0.8551333333333333
              ],
              [
                2.2182666666666666,
                1.1641666666666668
              ],
              [
                1.8034,
                1.1641666666666668
              ],
              [
                1.8034,
                3.103033333333333
              ],
              [
                1.3758333333333332,
                3.103033333333333
              ],
              [
                0.08466666666666665,
                1.1091333333333333
              ],
              [
                0.08466666666666665,
                0.8551333333333333
              ],
              [
                1.4393333333333331,
                0.8551333333333333
              ]
            ],
            [
              [
                1.4393333333333331,
                1.1641666666666668
              ],
              [
                0.48683333333333334,
                1.1641666666666668
              ],
              [
                1.1938,
                2.2224999999999997
              ],
              [
                1.2827,
                2.3749
              ],
              [
                1.3673666666666664,
                2.5315333333333334
              ],
              [
                1.4435666666666667,
                2.6797
              ],
              [
                1.4605,
                2.6797
              ],
              [
                1.4520333333333333,
                2.523066666666667
              ],
              [
                1.4393333333333331,
                2.269066666666667
              ],
              [
                1.4393333333333331,
                2.1166666666666663
              ]
            ]
          ]
        },
        {
          "is_line_feed": false,
          "advance_width": 2.3495,
          "left_side_bearing": 0.1143,